id;user_id;avatar;nick_name;mobile;gender;country_code;province;city;access_token;auth_token_type;expires_in;alipay_user_id;re_expires_in;refresh_token
1;Liaison Applications Cambridgeshire;Buckinghamshire;Borders function Bedfordshire;salmon index;Home Loan Account Central;GS;bus Principal;West Immanuel;Auto Loan Account New Hampshire mobile;silver Ergonomic;Grocery invoice success;Incredible Fresh Ball;Beauty Orchestrator;Mobility
2;connect;Kwanza bus Tugrik;withdrawal;transparent cross-platform;program;LS;auxiliary Strategist olive;Shieldston;Books;array;payment Rustic Steel Cheese Accounts;invoice program calculating;Ergonomic target;Gorgeous infomediaries utilize
3;forecast;Generic multi-byte;Taka Industrial Sleek;neural-net Ergonomic Cambridgeshire;Reactive Cape Steel;PH;Dalasi white;Goyettebury;upward-trending Shirt transitional;leverage;overriding Nicaragua;Supervisor;grey systems;Concrete SMS Cambridgeshire
4;Passage generating;Generic Metal Hat Multi-lateral;Stand-alone projection intermediate;Brazil Frozen;port target Ball;TK;quantifying;Amosburgh;monetize Small tan;Handmade Plastic Soap circuit Awesome Fresh Shoes;end-to-end;bypass system engine Refined;Concrete Texas;local area network solid state Chief
5;functionalities seize;Technician Ergonomic Australian Dollar;Maryland Web;feed Games Ball;SMTP Chips radical;BS;Seychelles Rupee Paradigm attitude-oriented;Lake Lorenza;Associate Fantastic;Markets Cambridgeshire;Locks Intelligent;integrated clicks-and-mortar;PNG;architectures
6;applications program reintermediate;Row THX indigo;quantify Home enable;deposit monitor utilisation;Fantastic Metal Fish Extensions;MK;Gorgeous Fantastic Metal Car bypassing;Larkinmouth;Refined;Computers iterate next-generation;bandwidth;web-readiness Buckinghamshire monetize;Investor 24/7;Trail Associate Iceland
7;copy Springs reciprocal;Bulgaria;RAM Alabama Licensed;cross-platform Wooden;synergies;GI;integrated;Josephineberg;withdrawal Alabama;monitoring payment;IB Armenian Dram Tonga;multi-byte virtual Falls;Gloves Senior;Upgradable Phased Berkshire
8;Sleek Metal Car West Virginia Representative;haptic;payment invoice Arkansas;sticky Re-contextualized orchid;Investor;SX;leverage bifurcated Assistant;Lottieside;Chicken withdrawal;collaborative National object-oriented;Togo Handmade Metal Car;Frozen Health deposit;Rustic Cotton Sausages internet solution;Grass-roots Cambridgeshire Codes specifically reserved for testing purposes
9;Money Market Account;1080p Orchard China;Camp Florida;Manors cyan Handcrafted Fresh Keyboard;Consultant Swaziland enhance;NG;Intelligent invoice Cambridgeshire;New Veda;Mayotte black Lights;Savings Account Intelligent Rubber Chair Supervisor;synthesizing;National Quality Markets;Metrics Producer;Pizza Springs
10;customer loyalty Profit-focused Prairie;Chips Rhode Island program;Checking Account backing up;dynamic Infrastructure Self-enabling;Intelligent Soft Gloves Pizza;LC;primary Managed Ameliorated;South Soledad;Music Product;recontextualize;Metrics Avon Buckinghamshire;expedite evolve;Automotive Tasty Cotton Towels executive;mobile Innovative
