id;order_title;out_order_no;out_request_no;payee_user_id;payee_logon_id;product_code;amount;extra_param;notify_url
1;Borders hack;Pants;Tasty navigate didactic;payment schemas Industrial;calculating;withdrawal Toys white;olive;Kids Incredible;Florida THX Idaho
2;Licensed Visionary pixel;neural Markets Branding;maroon;superstructure;Kids;microchip;Music Salad North Carolina;circuit Forward;frictionless solution-oriented
3;distributed Computers;Money Market Account users Guinea;SQL lavender;transmit Wooden COM;Agent Squares;supply-chains;Bedfordshire;Peru withdrawal Down-sized;invoice
4;Liaison Tonga;Lari;Sports Global Soft;Bedfordshire Awesome Cotton Tuna;calculating yellow;Wooden;Future;pixel Phased payment;Towels Internal
5;seize generate;Fantastic Wooden Chips microchip;Generic;Business-focused generate grid-enabled;International card;West Virginia Keys;Factors Soft;black Beauty;Soap
6;Refined Granite Sausages Savings Account extensible;Course robust bricks-and-clicks;Buckinghamshire Nepalese Rupee;Forge Licensed;auxiliary;Engineer Toys Fantastic;Licensed;Marketing mobile Cayman Islands Dollar;Computer Uzbekistan
7;input invoice calculate;Philippine Peso parsing Triple-buffered;deposit Rand Namibia Dollar;Branding;Handcrafted Rubber Sausages;Towels Mississippi Product;Metal;complexity Direct Administrator;online program Refined Granite Gloves
8;quantifying Baby;one-to-one Connecticut;Unbranded Tugrik;models streamline;projection Maldives;withdrawal alarm Timor-Leste;Personal Loan Account Inverse;Track;Books CSS Holy See (Vatican City State)
9;Data Tasty Steel Pants Licensed Steel Shirt;Manor;Utah zero defect;bypass e-services;Russian Federation program;Practical;emulation SQL;Persevering Gorgeous Steel Salad Associate;Fantastic whiteboard
10;lavender;neural Cloned Massachusetts;SCSI Communications Underpass;Officer parse;Intuitive;quantifying Phased connecting;Automated;architect;lavender
