id;code;msg;sub_code;sub_msg;body;params_str;amount;auth_no;credit_amount;extra_param;fund_amount;gmt_create_str;gmt_trans_str;operation_id;operation_type;order_title;out_order_no;out_request_no;payer_logon_id;payer_user_id;pre_auth_type;remark;rest_amount;rest_credit_amount;rest_fund_amount;status;total_freeze_amount;total_freeze_credit_amount;total_freeze_fund_amount;total_pay_amount;total_pay_credit_amount;total_pay_fund_amount;trans_currency
1;mobile Fish;Home Loan Account Table Computer;Trace;Savings Account alarm;Tasty Metal Bacon;red Chips Soap;Home Loan Account;web-readiness;Namibia;Steel zero administration;Multi-channelled Licensed;grey Cambridgeshire;Canyon HDD;Table Small Frozen Sausages Planner;envisioneer Music Public-key;infomediaries;Investment Account;Games Regional Digitized;copy convergence;Mayotte;Industrial;connect Markets Chief;capacitor archive;sky blue Tasty Plastic Pizza;compress South Georgia and the South Sandwich Islands;compelling mission-critical;bifurcated scalable;Small;deliverables reinvent 24 hour;overriding;monitor 1080p Checking Account;world-class Frozen IB;Highway Ergonomic
2;moratorium moratorium;New York tangible Mississippi;Frozen bus;hard drive Robust Networked;Poland;Small partnerships;Outdoors;Harbor Montana;Corporate Phased relationships;white Brand Money Market Account;Salad Web virtual;Refined Squares;maroon;EXE projection Fresh;support Gorgeous;withdrawal;copying;ability Hat Iraq;magenta Concrete;User-centric Gloves;Mauritania;facilitate Tasty Concrete Chips Exclusive;Buckinghamshire capability zero tolerance;mission-critical;Berkshire Small Plastic Pants Investor;Canadian Dollar;Berkshire Designer;Credit Card Account;navigate;Re-contextualized;web-enabled invoice withdrawal;bypassing optical;installation
3;Argentine Peso;Kentucky Algerian Dinar Clothing;open-source turn-key;Sausages;disintermediate Cambridgeshire hacking;bricks-and-clicks Concrete Global;Fiji Dollar Profound Bacon;Macao Equatorial Guinea Vision-oriented;Agent;Human deposit;even-keeled Saint Helena Pound;Internal AI optical;bypassing Marketing;Dynamic Home Loan Account Tools;Branding;Home Gloves Latvia;Ports Manager Fish;Networked;Fish;payment calculating;local area network Benin;turn-key dedicated;Wisconsin;target Human withdrawal;dot-com payment Libyan Dinar;white sensor local;calculate;Chips;Villages uniform PCI;Automotive Tactics architectures;Wisconsin Facilitator Incredible;reinvent;eco-centric Bedfordshire mesh
4;Configuration UIC-Franc;Ergonomic Concrete Soap Zambian Kwacha;Concrete Bedfordshire;portal calculating Metal;real-time discrete redundant;Synergistic Personal Loan Account Sleek;Borders;olive Handcrafted Cotton Bacon Unbranded Fresh Pants;incubate;interfaces;Garden Dale Wallis and Futuna;generating;Computers Small Fresh Gloves back-end;interface;compress lavender Investment Account;backing up;Iran;Philippine Peso Metal;Strategist;card Licensed Cotton Ball;mindshare Gorgeous;Chips;navigating;Som Rustic Frozen Keyboard ROI;Benin;Tuna Response invoice;alarm Jamaica;system Gorgeous Rubber Pants;hack;leading-edge;Ergonomic Steel Gloves;Developer Shoes Music;Buckinghamshire Hollow Shoes
5;withdrawal Generic Frozen Tuna;Gorgeous Cotton Chair Personal Loan Account Borders;Norfolk Island Chilean Peso Unidades de fomento Checking Account;invoice Outdoors New York;multi-byte Jamaican Dollar North Carolina;Station;parsing Investment Account;Branding Dynamic black;yellow;Books Generic;robust withdrawal generate;Garden open-source hybrid;Solomon Islands Dollar;Personal Loan Account HTTP;schemas Specialist China;quantify multi-byte;interface Cotton Robust;user-centric Infrastructure;Managed Dobra application;Fantastic;Liechtenstein Buckinghamshire monetize;Direct;Small Frozen Salad bypassing;time-frame Quality;Borders Borders Practical;methodical;Pakistan;parse;neural Wooden Optimization;Tasty Rubber Car mindshare EXE;bandwidth Liaison;program Auto Loan Account Refined;infomediaries
6;Fantastic Fresh Salad;Steel Avon Visionary;exploit transition;User-centric Principal Pennsylvania;repurpose Sleek;mesh system Triple-buffered;Cotton;Advanced grow;Handmade Wooden Cheese Fresh;input Naira;Markets;Glen Refined;Mandatory Assistant;Strategist;Incredible Fresh Car Tuvalu;Senior Optional Yemeni Rial;Central African Republic;magenta heuristic;Credit Card Account Maryland Legacy;Product;Brand Regional Court;B2B Mouse;Junctions one-to-one;analyzing holistic;Architect;Beauty dynamic schemas;Pound Sterling Keyboard;Licensed Usability models;Personal Loan Account markets;SCSI Aruba Chair;drive online;Liaison engage navigate;Assistant generating
7;Practical Steel Shirt Plastic Movies;SMS;Zimbabwe parse Customer;input Accounts;enhance Multi-channelled purple;Response;white SMTP;Checking Account global Steel;Borders Springs connecting;SAS;Planner Refined;engage Granite Grocery;bluetooth payment digital;Rubber Industrial seamless;withdrawal Jamaica;International;Luxembourg Spurs;empower Home Loan Account SMS;back-end Via indexing;Business-focused Canyon Orchestrator;frictionless orchid;Future-proofed Awesome;Creek;Shirt Metal;Mouse Rupiah;Human Mission;Officer Savings Account Automated;Pants even-keeled Chair;Brazil;Island cyan;Granite open architecture;Ergonomic Soft Shoes;Bulgarian Lev Cambridgeshire
8;Regional;Home;primary quantify Chips;Guyana;Bedfordshire Auto Loan Account back-end;monitor Small Wooden Ball;feed;connecting generate Music;Inlet Hungary Configurable;interface;Toys;overriding;internet solution;Total;Investment Account Indian Rupee;withdrawal Club Nebraska;Nevada quantify architectures;empower;customized payment;Grass-roots Cambridgeshire;Personal Loan Account;Music;Pants;Avon;blue scalable Car;bypassing Sleek Steel Shirt Rand Namibia Dollar;Fresh incubate Agent;Jewelery Engineer Bedfordshire;Tanzanian Shilling Assurance Nebraska;Gardens synthesizing;silver;system;Buckinghamshire
9;Bouvet Island (Bouvetoya);Auto Loan Account asymmetric Montana;Applications;Montenegro;frictionless;Rubber Awesome Frozen Mouse;Trinidad and Tobago Dollar;Customer-focused;Shoes Rubber Mall;users scalable;transmitting parse infrastructures;matrix Implementation Shirt;Mobility;Arizona synthesizing Fresh;override back-end hacking;open-source;payment National;HDD;Tanzanian Shilling Lights;e-enable Plaza intranet;convergence Idaho customized;synthesize Bahrain;Pre-emptive Bouvet Island (Bouvetoya) experiences;Credit Card Account;Belize Dollar Bacon;Investment Account Rwanda Customer;Liaison copy program;hack Electronics Oklahoma;Cambridgeshire navigate Licensed;Fantastic indexing;Investment Account;haptic Shoes;models
10;driver payment Mexican Peso Mexican Unidad de Inversion (UDI);port Money Market Account;Chips National Idaho;vortals value-added;Salad Connecticut;Generic Advanced;HDD Security Virginia;solid state Clothing deposit;Maine Checking Account markets;Unbranded programming District;Concrete;Pizza yellow programming;FTP;Persistent Investment Account;Handmade Plastic Mouse neural;Money Market Account;synergize;JSON National;interactive capacitor;Idaho Grocery;Concrete Towels Avon;Automotive frame;Indiana deposit Electronics;Bedfordshire Strategist;Towels applications;Zimbabwe;Bedfordshire;application scale;indigo National;Expressway;Tools Street;Arkansas reciprocal;Mountain Malaysia supply-chains
