id;original_image;thumbnail;width;height;rank_order
1;Home Loan Account magenta dynamic;Martinique Albania synthesizing;83996;3531;83268
2;Electronics parse navigate;pricing structure Pizza implementation;87665;50205;99633
3;24/365;payment optical;21720;59304;13782
4;withdrawal Clothing;Books;61958;16688;35549
5;cross-platform;engage;87426;48097;51010
6;protocol Awesome;Oklahoma;56066;5280;60348
7;Nepalese Rupee multi-byte;Sports;32210;49825;63649
8;Car;out-of-the-box mobile program;78861;82513;51726
9;portals Wooden;system;23585;8860;37142
10;Generic Soft Fish;Producer Paradigm deposit;42124;63755;63617
