id;receiver;moblie;province;city;region;address
1;Functionality invoice streamline;Applications;yellow Shoes;Desireeport;Quetzal;haptic Moldova archive
2;monitor morph;networks Granite Computer;CSS haptic Fish;North Pearline;white Principal;Avon neural
3;integrate New Caledonia;Solutions;invoice Cambridgeshire;Dannyfort;payment;action-items
4;Human navigate Idaho;virtual;transmitter;Jonesfurt;primary calculate Table;Delaware Bike
5;SCSI Field Bermuda;Home;Phased sky blue;Darionberg;payment Sleek Wooden Chips;Rubber
6;Kenyan Shilling technologies Roads;Lek Director Fresh;Credit Card Account;New Susana;bypass;Generic
7;Savings Account monetize one-to-one;extensible Practical Granite Bacon;Turkish Lira;East Luciemouth;HDD;Pataca Function-based
8;collaboration Aruban Guilder;reintermediate efficient Producer;Hill Awesome Rubber Computer;Willmsville;El Salvador Colon US Dollar mint green;partnerships content
9;back up B2C invoice;Via enhance Cotton;Chair Producer Accounts;Dedrickfort;Benin Money Market Account Licensed;RAM Auto Loan Account Buckinghamshire
10;protocol;Plastic;encompassing;West Ashley;Integration Lithuania;navigating
